Relative Path,Name,Grouping Var,Bait ID,CONTROL
p28760/Proteomics/TIMSTOF_1/bischoflab_20220624/zip/20220624_003_S396507_2_C4_MBD.d.zip,2_C4_MBD,MBD,MBD,T
p28760/Proteomics/TIMSTOF_1/bischoflab_20220624/zip/20220624_009_S396510_5_C7_K9_BAH_BAH.d.zip,5_C7_K9_BAH_BAH,K9,K9,T
p28760/Proteomics/TIMSTOF_1/bischoflab_20220624/zip/20220624_005_S396508_3_C5_K27_K4_CHR_TAF.d.zip,3_C5_K27_K4_CHR_TAF,K4K27,K4K27,T
p28420/Proteomics/TIMSTOF_1/analytic_20220519/zip/20220519_002_eCR_control_01_ChIP_S386725.d.zip,eCR_control_01_ChIP,NLS,NLS,T
p28318/Proteomics/TIMSTOF_1/bischoflab_20220506_/zip/20220511_003_H3K4me3_01_S385397_06Abs.d.zip,H3K4me3_01,K4,K4,T
p28760/Proteomics/TIMSTOF_1/bischoflab_20220624/zip/20220624_001_S396506_1_C3_control.d.zip,1_C3_control,NLS,NLS,T
p28760/Proteomics/TIMSTOF_1/bischoflab_20220624/zip/20220624_011_S396511_6_C8_K9_BAH_Chrom.d.zip,6_C8_K9_BAH_Chrom,K9,K9,T
p28760/Proteomics/TIMSTOF_1/bischoflab_20220624/zip/20220624_007_S396509_4_C6_K27_K4_CBX7_TAF.d.zip,4_C6_K27_K4_CBX7_TAF,K4K27,K4K27,T
p29203/Proteomics/TIMSTOF_1/wente_20220815_/zip/20220815_005_S406887_eCR_C2_23.d.zip,eCR_C2_23,K27,K27,T
p29203/Proteomics/TIMSTOF_1/wente_20220815_/zip/20220815_001_S406885_Wt_01.d.zip,Wt_01,WT,WT,C
p29203/Proteomics/TIMSTOF_1/wente_20220815_/zip/20220815_007_S406888_eCR_C2_27.d.zip,eCR_C2_27,K27,K27,T
p28318/Proteomics/TIMSTOF_1/bischoflab_20220506_/zip/20220511_001_H3K4me3_01B_S385398_06bs.d.zip,H3K4me3_01B,K4,K4,T
p28565/Proteomics/TIMSTOF_1/wente_20220603_/zip/20220603_002_S390338_Wt_01.d.zip,Wt_01_,WT,WT,C
p28565/Proteomics/TIMSTOF_1/wente_20220603_/zip/20220603_004_S390340_H3K27me3_01_All.d.zip,H3K27me3_01_All,K27,K27,T
p28565/Proteomics/TIMSTOF_1/wente_20220603_/zip/20220603_003_S390339_H3K27me3_01_clean.d.zip,H3K27me3_01_clean,K27,K27,T
